{"duration": 6.5330822467803955, "input_args": {}, "time": 1699378274.0474281}